<?xml version="1.0" encoding="UTF-8"?>

<shiporder
xmlns:xsi="http://www.w3.org/2001/XMLSchema-instance" xsi:noNamespaceSchemaLocation="shiporder.xsd">
    <orderperson></orderperson>
    <shipto>
        <name>Zara</name>
        <address>c/San Sebastian</address>
        <city>Los angeles</city>
        <country>United States</country>
    </shipto>
    <item orderid="xxxxxx">
        <title>Blizard</title>
        <note>Este articulo es muy bueno</note>
        <quantity>1000</quantity>
        <price>999,99</price>
    </item>
</shiporder>
