

<?xml version="1.0" encoding="UFT-8"?>

<!DOCTYPE TENIS>

<tenis>

    <torneo_wimbledon>
        <duracion>14-07-2019 / 14-07-2019</duracion>

        <jugadores>

            Rafa Nadal
            Roger Federer
            Diego
            Reilly Opelka
            Novak Djokovic
            Domic Thiem
            Milos Roanic
            Nick kirgios
        
        </jugadores>


        <partidos>

            <ronda1>
            
                <enfrentamiento numero="1">

                    Rafa Nadal
                    Novak Djokovic

                    <sets>
                        6-2
                        2-6
                        7-3
                    </sets>  

                </enfrentamiento>

                <enfrentaminto numero="2">
                    Roger Federer
                    Milos Roanic

                    <sets>
                        7-2
                        6-4
                        5-5
                    
                    </sets>
                
                
                </enfrentaminto>

                <enfrentamiento numero="3">
                    Diego
                    Dominik Thiem

                    <sets>
                        7-6
                        7-5
                        6-2
                    
                    </sets>
                
                </enfrentamiento>

                <enfrentamiento numero="4">
                
                    Reilly Opelka
                    Nick kirgios

                    <sets>
                        6-1
                        6-4
                        6-4
                    
                    
                    </sets>

                
                
                
                
                
                </enfrentamiento>

                 
            
            </ronda1>





            <ronda2>
            
                <enfrentamiento numero="6">
                    Rafa Nadal
                    Roger Federer

                    <sets>
                        6-4
                        5-7
                        2-6
                    
                    </sets>
                
               
                </enfrentamiento>


                <enfrentamiento numero="7">

                    Diego
                    Reilly Opelka
                

                    <sets>
                        7-5
                        6-4
                        3-6
                        6-3
                    
                    </sets>
                
                </enfrentamiento>

            </ronda2>
            <ronda3 "final">

                Roger Federer
                Diego

                <sets>

                    6-4
                    6-0
                    6-2
                </sets>  
            
            </ronda3>

            <ronda4>

                Rafa Nadal
                Reilly Opelka


                <sets>
                    6-2
                    4-6
                    6-3
                    6-2    
                </sets>            
            
                 
            </ronda4>

        
    
        
        
        
        </partidos>
    
    
    
    
    
    
    
    
    
    
    
    
    
    
    
    
    
    
    
    
    /torneo_wimbledon>















</tenis>
