<?xml version="1.0" encoding="UFT-8"?>

<!DOCTYPE CLUSTER>

//Ejercicio2:

//Usando XML crea un fichero (ex2.xml). El fichero nos servirá para representar un clúster de máquinas virtuales. Dicho clúster está compuesto por varios nodos de los que debemos guardar su nombre y su ip.

//Dentro de cada uno de estos nodos se pueden albergar distintas máquinas virtuales. De dichas máquinas virtuales necesito guardar el nombre, el sistema operativo que ejecuta y los distintos interfaces de red de los que guardaré su ip y su mac.

//Representar al menos 5 nodos , cada uno de ellos con al menos 3 máquinas virtuales. De esas 15 máquinas virtuales al menos 3 deben de tener más de un interfaz de red.


<cluster>

    <nodos>

        <primer></primer>

            <maquinavirtual.linux>

                sistema operativo: ubuntu 20.04
                interfaz de red: 
                    eth0 Link encap:Ethernet  HWaddr 00:14:4F:0C:A1:53
                    eth0 Link encap:Ethernet  HWaddr 00:13:4F:0C:A1:33
                    eth0 Link encap:Ethernet  HWaddr 00:13:4F:0C:A1:88
            
            </maquinavirtual.linux>

            <maquinavirtual.mac>

                sistema operativo: Mac OS
                interfaz de red: 
            
            
            
            </maquinavirtual.mac>
            <maquinavirutal.windows>
            
                sistema operativo: Windows 7
                interfaz de red: eth0 Link encap:Ethernet  HWaddr 00:14:4F:0C:A1:55
            
            </maquinavirutal.windows>
        <segundo>


            <maquinavirtual.linux>

                sistema operativo: Guadalinex v7
                interfaz de red: eth0 Link encap:Ethernet  HWaddr 00:13:4F:0C:A1:20
            
            </maquinavirtual.linux>
            <maquinavirutal.mac>
            
                sistema operativo: Mac OS v4
                interfaz de red: eth0 Link encap:Ethernet  HWaddr 00:13:4F:0C:A1:20

            
            </maquinavirutal.mac>

            <maquinavirtual.windows>
            
                sistema operativo: Windows 10
                interfaz de red: eth0 Link encap:Ethernet  HWaddr 00:20:4F:0C:A1:34
            
            </maquinavirtual.windows>
        
        
        
        
        
        
        </segundo>



        <tercero>
        
            <maquinavirtual.linux>
            
                sistema operativo: Cubuntu
                interfaz de red: 
                    eth0 Link encap:Ethernet  HWaddr 00:13:4F:0C:A1:57
                    eth0 Link encap:Ethernet  HWaddr 00:13:4F:0C:A1:69
                    eth0 Link encap:Ethernet  HWaddr 00:13:4F:0C:A1:13
            
            </maquinavirtual.linux>
            <maquinavirutal.mac>
            
                sistema operativo:Mac OS v2 
                interfaz de red: eth0 Link encap:Ethernet  HWaddr 00:13:4F:0C:A1:80

            
            </maquinavirutal.mac>

            <maquinavirtual.windows>
            
                sistema operativo: Windows 8
                interfaz de red: eth0 Link encap:Ethernet  HWaddr 00:13:4F:0C:A1:32 
            
            </maquinavirtual.windows>
        
        
        
        </tercero>
        <cuarto>
        
            <maquinavirtual.linux>
            
                sistema operativo: Ubuntu 19.04
                interfaz de red: eth0 Link encap:Ethernet  HWaddr 00:13:4F:0C:A1:70
            
            </maquinavirtual.linux>
            <maquinavirutal.mac>
            
                sistema operativo: Mac OS 2.0
                interfaz de red: eth0 Link encap:Ethernet  HWaddr 00:13:4F:0C:A1:60

            
            </maquinavirutal.mac>

            <maquinavirtual.windows>
            
                sistema operativo: Windows XP
                interfaz de red: 
                    eth0 Link encap:Ethernet  HWaddr 00:13:4F:0C:A1:44
                    eth0 Link encap:Ethernet  HWaddr 00:13:4F:0C:A1:99
                    eth0 Link encap:Ethernet  HWaddr 00:13:4F:0C:A1:94
            
            </maquinavirtual.windows>
        
        
        
        
        
        
        </cuarto>
        <quinto>
        
            <maquinavirtual.linux>
            
                sistema operativo: Guadalinex zr
                interfaz de red: eth0 Link encap:Ethernet  HWaddr 00:13:4F:0C:A1:66
            
            </maquinavirtual.linux>
            <maquinavirutal.mac>
            
                sistema operativo: Mac OS 3.0
                interfaz de red: eth0 Link encap:Ethernet  HWaddr 00:13:4F:0C:A1:21

            
            </maquinavirutal.mac>

            <maquinavirtual.windows>
            
                sistema operativo: Windows Vista
                interfaz de red: eth0 Link encap:Ethernet  HWaddr 00:13:4F:0C:A1:77
            
            </maquinavirtual.windows>
        
        
        
        
        
        
        
        
        </quinto>
    
    
    
    
    
    
    
    
    
    </nodos>












</cluster>