<?xml version="1.0" encoding="UFT-8"?>

<!DOCTYPE EDIFICIO>





<edificios>


    <opera>
    
        <direccion>C/ Corea del rio</direccion>
        <plantas>20</plantas>
        <empleados>

            Carlos
            Juan
            Teresa
            Emilia
            Claudia
        
        
        
        </empleados>
        <superficie>50 metros cuadrados</superficie>
    
    
    
    </opera>




    <enterprise>
    
    
        <direccion>C/ Quinto centenario</direccion>
        <plantas>30</plantas>
        <empleados>

            Fernando
            Ester
            Pedro
            Carlos
            Oliver
        
        
        
        
        </empleados>
        <superficie>44 metros cuadrados</superficie>
    
    
    
    
    
    </enterprise>





    <mediatek>
    
    
        <direccion>C/ El divino corazón</direccion>
        <plantas>15</plantas>
        <empleados>


            Maria
            Cristina
            Alberto
            Juaquin
            Carlos   
        
        
        
        </empleados>

        <superficie>60 metros cuandrados</superficie>
    
    
    
    
    
    </mediatek>












</edificios>